[
  {
    "url": "https://i.insider.com/60638bd66183e1001981966a?width=1136&format=jpeg",
    "category": "new",
    "description":"Second edition of NEOM’s Shuhub Community Program aims to inspire the next generation of Saudi football tal"
  },
  {
    "url": "https://images.hindustantimes.com/tech/img/2023/01/26/960x540/pexels-eren-li-7241413_1674744347133_1674744367915_1674744367915.jpg",
    "category": "old",
    "description":"Second edition of NEOM’s Shuhub Community Program aims to inspire the next generation of Saudi football tal"
  },
  {
    "url": "https://images.unsplash.com/photo-1593438002985-ce805be04da9?ixlib=rb-4.0.3&ixid=M3wxMjA3fDB8MHxzZWFyY2h8MTZ8fGxvYWR8ZW58MHx8MHx8fDA%3D&w=1000&q=80",
    "category": "new",
    "description":"Second edition of NEOM’s Shuhub Community Program aims to inspire the next generation of Saudi football tal"
  },
  {
    "url": "https://media.istockphoto.com/id/1372376306/photo/entrepreneur-asian-vietnamese-man-works-on-a-clients-account-he-enjoys-a-cup-of-coffee-as-he.jpg?s=612x612&w=0&k=20&c=03fQNdDmAQelXm-nH4Drpw58YyHCaNxQnLZth04SBNU=",
    "category": "old",
    "description":"Second edition of NEOM’s Shuhub Community Program aims to inspire the next generation of Saudi football tal"
  },
  {
    "url": "https://images.unsplash.com/photo-1575936123452-b67c3203c357?ixlib=rb-4.0.3&ixid=M3wxMjA3fDB8MHxzZWFyY2h8Mnx8aW1hZ2V8ZW58MHx8MHx8fDA%3D&w=1000&q=80",
    "category": "new",
    "description":"Second edition of NEOM’s Shuhub Community Program aims to inspire the next generation of Saudi football tal"
  },
  {
    "url": "https://t3.ftcdn.net/jpg/01/70/95/04/360_F_170950403_AcP6Be7ySdi17iJdDsXIi84fZfN2MDMM.webp",
    "category": "old",
    "description":"Second edition of NEOM’s Shuhub Community Program aims to inspire the next generation of Saudi football tal"
  },
  {
    "url": "https://i.pcmag.com/imagery/roundups/02HDufdqeRUDu3tl0NnY2qZ-2..v1649351854.jpg",
    "category": "new",
    "description":"Second edition of NEOM’s Shuhub Community Program aims to inspire the next generation of Saudi football tal"
  },
  {
    "url": "https://i.pinimg.com/originals/5e/6a/87/5e6a87c928af030baface03c5a160b7c.jpg",
    "category": "old",
    "description":"Second edition of NEOM’s Shuhub Community Program aims to inspire the next generation of Saudi football tal"
  },
  {
    "url": "https://www.simplilearn.com/ice9/free_resources_article_thumb/What_is_System_Software.jpg",
    "category": "new",
    "description":"Second edition of NEOM’s Shuhub Community Program aims to inspire the next generation of Saudi football tal"
  },
  {
    "url": "https://clickup.com/blog/wp-content/uploads/2022/12/software-development-tools-blog-feature.png",
    "category": "old",
    "description":"Second edition of NEOM’s Shuhub Community Program aims to inspire the next generation of Saudi football tal"
  },
  {
    "url": "https://images.hindustantimes.com/tech/img/2023/01/26/960x540/pexels-eren-li-7241413_1674744347133_1674744367915_1674744367915.jpg",
    "category": "new",
    "description":"Second edition of NEOM’s Shuhub Community Program aims to inspire the next generation of Saudi football tal"
  }
]
